{
	"format_version": "1.8.0",
	"animations": {
		"open": {
			"loop": "hold_on_last_frame",
			"animation_length": 2.5,
			"bones": {
				"bone4": {
					"position": {
						"0.0": {
							"vector": [0, 0, 0]
						},
						"0.0417": [0, 3.16278, 0],
						"0.0833": [0, 4.70939, 0],
						"0.125": [0, 5.87951, 0],
						"0.1667": [0, 6.85032, 0],
						"0.2083": [0, 7.69178, 0],
						"0.25": [0, 8.4402, 0],
						"0.2917": [0, 9.11689, 0],
						"0.3333": [0, 9.73615, 0],
						"0.375": [0, 10.30767, 0],
						"0.4167": [0, 10.83854, 0],
						"0.4583": [0, 11.33374, 0],
						"0.5": [0, 11.79776, 0],
						"0.5417": [0, 12.23331, 0],
						"0.5833": [0, 12.64315, 0],
						"0.625": [0, 13.02919, 0],
						"0.6667": [0, 13.39272, 0],
						"0.7083": [0, 13.73514, 0],
						"0.75": [0, 14.05718, 0],
						"0.7917": [0, 14.35934, 0],
						"0.8333": [0, 14.64188, 0],
						"0.875": [0, 14.90468, 0],
						"0.9167": [0, 15.14713, 0],
						"0.9583": [0, 15.36811, 0],
						"1.0": [0, 15.56583, 0],
						"1.0417": [0, 15.73698, 0],
						"1.0833": [0, 15.87594, 0],
						"1.125": [0, 15.97209, 0],
						"1.1667": {
							"vector": [0, 16, 0]
						}
					},
					"scale": {
						"1.7917": {
							"vector": [1, 1, 1]
						},
						"1.8333": [0.99853, 0.99853, 0.99853],
						"2.0417": [0.95009, 0.95009, 0.95009],
						"2.1667": [0.88181, 0.88181, 0.88181],
						"2.2083": [0.84982, 0.84982, 0.84982],
						"2.25": [0.81171, 0.81171, 0.81171],
						"2.2917": [0.76597, 0.76597, 0.76597],
						"2.3333": [0.71029, 0.71029, 0.71029],
						"2.375": [0.64076, 0.64076, 0.64076],
						"2.4167": [0.54982, 0.54982, 0.54982],
						"2.4583": [0.41819, 0.41819, 0.41819],
						"2.5": {
							"vector": [0.1, 0.1, 0.1]
						}
					}
				},
				"bone2": {
					"rotation": {
						"0.875": {
							"pre": {
								"vector": [0, 0, 0]
							},
							"post": {
								"vector": [0, 0, 0]
							},
							"lerp_mode": "catmullrom"
						},
						"1.75": {
							"post": {
								"vector": [0, 0, -125]
							},
							"lerp_mode": "catmullrom"
						}
					}
				},
				"bone": {
					"rotation": {
						"0.875": {
							"pre": {
								"vector": [0, 0, 0]
							},
							"post": {
								"vector": [0, 0, 0]
							},
							"lerp_mode": "catmullrom"
						},
						"1.75": {
							"post": {
								"vector": [0, 0, 127.5]
							},
							"lerp_mode": "catmullrom"
						}
					}
				}
			}
		},
		"hover": {
			"loop": true,
			"animation_length": 4,
			"bones": {
				"bone4": {
					"position": {
						"0.0": {
							"post": {
								"vector": [0, 0, 0]
							},
							"lerp_mode": "catmullrom"
						},
						"1.0": {
							"post": {
								"vector": [0, 3, 0]
							},
							"lerp_mode": "catmullrom"
						},
						"2.0": {
							"post": {
								"vector": [0, 0, 0]
							},
							"lerp_mode": "catmullrom"
						},
						"3.0": {
							"post": {
								"vector": [0, 3, 0]
							},
							"lerp_mode": "catmullrom"
						},
						"4.0": {
							"post": {
								"vector": [0, 0, 0]
							},
							"lerp_mode": "catmullrom"
						}
					},
					"scale": {
						"0.8333": {
							"vector": [1, 1, 1]
						},
						"0.875": [1.00294, 1.00326, 1.00294],
						"0.9167": [1.01823, 1.05, 1.01823],
						"0.9583": [1.08854, 1.09674, 1.08854],
						"1.0": {
							"vector": [1.1, 1.1, 1.1]
						},
						"1.0417": [1.08854, 1.09674, 1.08854],
						"1.0833": [1.01823, 1.05, 1.01823],
						"1.125": [1.00294, 1.00326, 1.00294],
						"1.1667": {
							"vector": [1, 1, 1]
						},
						"1.2083": [1, 1, 1],
						"1.7083": {
							"vector": [1, 1, 1]
						},
						"1.75": [1.00294, 1.00326, 1.00294],
						"1.7917": [1.01823, 1.05, 1.01823],
						"1.8333": [1.08854, 1.09674, 1.08854],
						"1.875": {
							"vector": [1.1, 1.1, 1.1]
						},
						"1.9167": [1.08854, 1.09674, 1.08854],
						"1.9583": [1.01823, 1.05, 1.01823],
						"2.0": [1.00294, 1.00326, 1.00294],
						"2.0417": {
							"vector": [1, 1, 1]
						},
						"2.0833": [1, 1, 1],
						"2.625": [1, 1, 1],
						"2.75": {
							"vector": [1, 1, 1]
						},
						"2.7917": [1.00294, 1.00326, 1.00294],
						"2.8333": [1.01823, 1.05, 1.01823],
						"2.875": [1.08854, 1.09674, 1.08854],
						"2.9167": {
							"vector": [1.1, 1.1, 1.1]
						},
						"2.9583": [1.08854, 1.09674, 1.08854],
						"3.0": [1.01823, 1.05, 1.01823],
						"3.0417": [1.00294, 1.00326, 1.00294],
						"3.0833": {
							"vector": [1, 1, 1]
						},
						"3.125": [1.00294, 1.00326, 1.00294],
						"3.1667": [1.01823, 1.05, 1.01823],
						"3.2083": [1.08854, 1.09674, 1.08854],
						"3.25": {
							"vector": [1.1, 1.1, 1.1]
						},
						"3.2917": [1.08854, 1.09674, 1.08854],
						"3.3333": [1.01823, 1.05, 1.01823],
						"3.375": [1.00294, 1.00326, 1.00294],
						"3.4167": {
							"vector": [1, 1, 1]
						}
					}
				}
			}
		}
	}
}