{
	"format_version": "1.8.0",
	"animations": {
		"talk": {
			"loop": true,
			"animation_length": 0.4167,
			"bones": {
				"body": {
					"scale": {
						"0.0": {
							"post": {
								"vector": [1, 1, 1]
							},
							"lerp_mode": "catmullrom"
						},
						"0.2083": {
							"post": {
								"vector": [1, 1.3, 1]
							},
							"lerp_mode": "catmullrom"
						},
						"0.4167": {
							"post": {
								"vector": [1, 1, 1]
							},
							"lerp_mode": "catmullrom"
						}
					}
				}
			}
		},
		"shake": {
			"loop": true,
			"animation_length": 0.0833,
			"bones": {
				"body": {
					"position": {
						"0.0": {
							"post": {
								"vector": [-0.5, 0, 0]
							},
							"lerp_mode": "catmullrom"
						},
						"0.0417": {
							"post": {
								"vector": [0.5, 0, 0]
							},
							"lerp_mode": "catmullrom"
						},
						"0.0833": {
							"post": {
								"vector": [-0.5, 0, 0]
							},
							"lerp_mode": "catmullrom"
						}
					}
				}
			}
		},
		"box": {
			"animation_length": 3.75,
			"bones": {
				"body": {
					"position": {
						"0.0": {
							"vector": [0, 16, 0]
						},
						"0.0417": [0, 16.00109, 0],
						"0.0833": [0, 15.97779, 0],
						"0.125": [0, 15.9286, 0],
						"0.1667": [0, 15.85209, 0],
						"0.2083": [0, 15.7467, 0],
						"0.25": [0, 15.60973, 0],
						"0.2917": [0, 15.43977, 0],
						"0.3333": [0, 15.2335, 0],
						"0.375": [0, 14.98836, 0],
						"0.4167": [0, 14.70111, 0],
						"0.4583": [0, 14.36727, 0],
						"0.5": [0, 13.98302, 0],
						"0.5417": [0, 13.54215, 0],
						"0.5833": [0, 13.0386, 0],
						"0.625": [0, 12.46357, 0],
						"0.6667": [0, 11.80746, 0],
						"0.7083": [0, 11.05712, 0],
						"0.75": [0, 10.19461, 0],
						"0.7917": [0, 9.19629, 0],
						"0.8333": [0, 8.02718, 0],
						"0.875": [0, 6.63281, 0],
						"0.9167": [0, 4.9175, 0],
						"0.9583": [0, 2.68084, 0],
						"1.0": {
							"vector": [0, 0, 0]
						},
						"1.0417": [0, 4.9122, 0],
						"1.0833": [0, 7.1477, 0],
						"1.125": [0, 8.43025, 0],
						"1.1667": [0, 9.21768, 0],
						"1.2083": [0, 9.68741, 0],
						"1.25": [0, 9.93012, 0],
						"1.2917": {
							"vector": [0, 10, 0]
						},
						"1.3333": [0, 9.94051, 0],
						"1.375": [0, 9.76874, 0],
						"1.4167": [0, 9.48147, 0],
						"1.4583": [0, 9.07415, 0],
						"1.5": [0, 8.54, 0],
						"1.5417": [0, 7.86846, 0],
						"1.5833": [0, 7.04368, 0],
						"1.625": [0, 6.03826, 0],
						"1.6667": [0, 4.80057, 0],
						"1.7083": [0, 3.20183, 0],
						"1.75": {
							"vector": [0, 0, 0]
						},
						"1.7917": [0, 2.12958, 0],
						"1.8333": [0, 3.80717, 0],
						"1.875": [0, 4.85039, 0],
						"1.9167": [0, 5.49586, 0],
						"1.9583": [0, 5.85714, 0],
						"2.0": {
							"vector": [0, 6, 0]
						},
						"2.0417": [0, 6.02176, 0],
						"2.0833": [0, 5.98705, 0],
						"2.125": [0, 5.89182, 0],
						"2.1667": [0, 5.73101, 0],
						"2.2083": [0, 5.49798, 0],
						"2.25": [0, 5.18365, 0],
						"2.2917": [0, 4.77578, 0],
						"2.3333": [0, 4.25648, 0],
						"2.375": [0, 3.59816, 0],
						"2.4167": [0, 2.75446, 0],
						"2.4583": [0, 1.63452, 0],
						"2.5": {
							"vector": [0, 0, 0]
						}
					},
					"scale": {
						"0.9167": {
							"vector": [1, 1, 1]
						},
						"0.9583": [1.03243, 0.92387, 0.99318],
						"1.0": {
							"vector": [1.4, 0.4, 1]
						},
						"1.0417": [1.14613, 0.9404, 1],
						"1.0833": [1.03032, 1.14695, 1],
						"1.125": {
							"vector": [1, 1.2, 1]
						},
						"1.1667": [1, 1.19313, 1],
						"1.5417": [1, 1.03613, 1],
						"1.625": [1, 1.00687, 1],
						"1.6667": {
							"vector": [1, 1, 1]
						},
						"1.7083": [1.03671, 0.96712, 1],
						"1.75": {
							"vector": [1.3, 0.7, 1]
						},
						"1.7917": [1.08996, 0.90005, 1],
						"1.8333": [1.01829, 0.97938, 1],
						"1.875": {
							"vector": [1, 1, 1]
						},
						"1.9167": [1, 1, 1],
						"2.4167": {
							"vector": [1, 1, 1]
						},
						"2.4583": [1.03382, 0.98167, 1],
						"2.5": {
							"vector": [1.3, 0.8, 1]
						},
						"2.5417": [1.19107, 0.85532, 0.99939],
						"2.5833": [1.09619, 0.92078, 0.99734],
						"2.625": [1.02691, 0.97323, 0.99608],
						"2.6667": {
							"vector": [1, 1, 1]
						},
						"2.7083": [1.00309, 1.00309, 1.00309],
						"3.0417": {
							"vector": [1, 1, 1]
						},
						"3.0833": [1, 1.02061, 1],
						"3.125": [1, 1.17939, 1],
						"3.1667": {
							"vector": [1, 1.2, 1]
						},
						"3.2083": [1, 1.17939, 1],
						"3.25": [1, 1.02061, 1],
						"3.2917": {
							"vector": [1, 1, 1]
						}
					}
				}
			}
		}
	}
}